Links,Number,Type
http://www.fiercepharma.com/,,Pharmaceuticals
https://www.firstwordpharma.com/,,Pharmaceuticals
http://www.pmlive.com/,,Pharmaceuticals
http://www.pharmaceutical-business-review.com/,,Pharmaceuticals
http://www.outsourcing-pharma.com/,,Pharmaceuticals
http://www.contractpharma.com/,,Pharmaceuticals
http://www.in-pharmatechnologist.com/,,Pharmaceuticals
http://www.bio-itworld.com/,,Biotechnology
http://www.mpo-mag.com/,,Medical Devices and Diagnostics
http://www.pharmexec.com/sitefeed/2296,,Pharmaceuticals
http://www.fiercemedicaldevices.com/feed,,Pharmaceuticals
http://www.healthcaredive.com/feeds/news/,,Medical Devices and Diagnostics
http://www.biopharmadive.com/feeds/news/,,Healthcare
http://www.pharmamanufacturing.com/home/rss/,,Biotechnology
http://rss.medicalnewstoday.com/featurednews.xml,,Pharmaceuticals
http://www.pharmatimes.com/worldnews.rss.ashx,,Healthcare
http://www.pharma-iq.com/rss-all.xml,,Pharmaceuticals
http://www.genengnews.com/gen.rss,,Pharmaceuticals
http://www.medscape.com/cx/rssfeeds/2669.xml,,Biotechnology
http://feeds.reuters.com/reuters/UShealthcareNews,,Healthcare
http://www.forbes.com/healthcare/feed/,,Healthcare
http://www.apfoodonline.com/index.php,,F&B
http://ausfoodnews.com.au/,,F&B
http://www.bakingbusiness.com/,,F&B
http://www.bakingbusiness.com/,,F&B
http://www.beveragedaily.com,,F&B
http://www.bevindustry.com/top-100-beverage-companies-2015,,F&B
http://www.bakeryinfo.co.uk/news/categoryfront.php/id/44/Latest_News.html,,F&B
http://www.confectionerynews.com/,,F&B
http://www.europlat.org/category/news/food-and-beverage-industry-news,,F&B
http://www.fao.org/home/en/,,Agriculture and Agri Products
http://fbworld.com/,,Restaurants and Food Services
http://www.focus-economics.com/commodities/agricultural,,Agriculture and Agri Products
http://fandbnews.com/,,F&B
http://www.foodanddrinkeurope.com/,,F&B
http://www.foodanddrinknews.co.uk/category/news/,,F&B
http://www.foodbusinessnews.net/,,F&B
http://www.fooddive.com/,,F&B
http://www.foodengineeringmag.com/,,F&B
http://food.einnews.com/all_countries,,F&B
http://www.foodingredientsfirst.com/,,F&B
http://www.foodmanufacture.co.uk/,,F&B
http://www.foodnavigator.com/,,F&B
http://www.foodprocessing-technology.com/news/,,F&B
http://www.foodqualitynews.com/,,F&B
http://foodstuffsa.co.za/,,F&B
http://www.freshplaza.com/,,Agriculture and Agri Products
http://www.globalmeatnews.com/,,Meat and Poultry
http://www.just-food.com/insights/,,F&B
http://www.meatinfo.co.uk/,,Meat and Poultry
http://www.nutraingredients.com/,,F&B
http://www.packagingnews.co.uk/,,Packaging
http://www.packagingstrategies.com/,,Packaging
http://www.plasticstoday.com/packaging,,Packaging
http://potatopro.com/,,F&B
https://www.qsrmagazine.com/,,Restaurants and Food Services
http://www.qsrweb.com/,,Restaurants and Food Services
http://thedailymeal.com/,,F&B
http://www.worldpoultry.net/,,Meat and Poultry
http://www.fooddive.com/feeds/news/,,F&B
http://www.foodprocessing-technology.com/feeds/site-feed.xml,,F&B
http://www.foodbev.com/feed/,,F&B
http://www.packagingstrategies.com/rss/articles,,Packaging
http://www.foodprocessing.com/home/rss/,,F&B
http://www.foodnavigator.com/feature/all-feeds,,F&B
http://www.bevindustry.com/rss/articles,,F&B
http://nrn.com/rss.xml,,Restaurants and Food Services
http://www.restaurantmagazine.com/feed/,,Restaurants and Food Services
http://www.packagedfacts.com/rss.xml,,Packaging
http://www.wholefoodsmagazine.com/rss.xml,,Agriculture and Agri Products
